ID,age,gender,race/ethnicity,year,city,state,Region,armed,%white,%black,%hispanic,personalmedianincome,HouseholdMedianIncome,countymedianincome,householdincome/countyincome,povertyrate,unemploymentrate,BAorhighereducation
1,33,Male,Hispanic/Latino,2015,Anchorage,AK,South,Knife,50.4,11.7,10.2,32902,51445,77454,0.664200687,18.4,0.096503497,0.355088496
2,33,Male,Native American,2015,Anchorage,AK,South,Knife,25.5,11.1,13.6,20075,41268,77454,0.532806569,20.2,0.129310345,0.076845638
3,16,Male,Black,2015,Millbrook,AL,South,No,60.5,30.5,5.6,28375,51367,54766,0.937935946,14.1,0.097686375,0.168509509
4,36,Male,Black,2015,Huntsville,AL,South,Knife,89.9,4.3,1.4,34698,57935,58434,0.991460451,8.9,0.063658099,0.422256775
5,77,Male,Black,2015,Birmingham,AL,South,No,22.2,77.8,1.5,13968,23977,45429,0.527790618,37.5,0.145048815,0.088550247
6,46,Male,White,2015,Dadeville,AL,South,Firearm,66.2,30.9,0.1,18363,36694,39130,0.937745975,20.1,0.078163166,0.15942482
7,54,Male,White,2015,Bay Minette,AL,South,Firearm,82.8,15,0.4,23683,48173,50221,0.959220247,8.3,0.073079325,0.251100352
8,39,Male,White,2015,Moulton,AL,South,Other,86.3,2.1,0,19149,38078,38551,0.987730539,17,0.168279344,0.068518038
9,38,Male,Black,2015,Birmingham,AL,South,Firearm,44.4,22.4,28.9,21908,35780,45429,0.787602633,23.2,0.052918942,0.405676127
10,53,Male,White,2015,Hoover,AL,South,No,84.7,1.4,7.7,42312,81996,45429,1.804926369,3,0.035916061,0.627631579
11,36,Male,Black,2015,Strong,AR,West,Firearm,53.7,44.4,1.8,17853,32614,37435,0.871216776,15.6,0.055732484,0.100468284
12,31,Male,White,2015,Jonesboro,AR,West,No,67.2,21.7,10,22080,43259,41393,1.045080086,18.2,0.092469018,0.213943194
13,71,Male,-1,2015,England,AR,South,Firearm,67.9,29.8,1.3,18750,31458,52582,0.598265566,32.9,0.137774413,0.132464712
14,35,Male,White,2015,Cabot,AR,South,Knife,79.9,4.4,10.4,22158,47051,52582,0.894811913,22.6,0.07388664,0.207895842
15,29,Male,White,2015,Phoenix,AZ,West,No,7,7.7,79,15523,20833,53596,0.388704381,58,0.073651452,0.102955195
16,51,Male,Hispanic/Latino,2015,Bisbee,AZ,West,Knife,46,0.9,51.3,20428,36442,45755,0.796459403,25.8,0.103244838,0.211139241
17,29,Male,White,2015,Morenci,AZ,West,Firearm,41,1.7,53.4,37579,60670,47992,1.264169028,10.9,0.107042254,0.146116241
18,56,Male,White,2015,Marana,AZ,West,Knife,69.3,2.8,17.8,38593,69616,45841,1.518640518,3,0.079104478,0.423807081
19,37,Male,Hispanic/Latino,2015,San Manuel,AZ,West,No,49.2,0.1,49.8,22833,40984,50027,0.819237612,15.7,0.188067445,0.16084788
20,42,Male,Black,2015,Scottsdale,AZ,West,Knife,86.8,0.3,10.5,36099,52038,53596,0.970930666,10,0.024411135,0.505309505
21,19,Male,-1,2015,Cottonwood,AZ,West,No,65,0.9,30.3,16415,36818,42987,0.856491497,21.7,0.216194332,0.139520776
22,21,Male,White,2015,Cottonwood,AZ,West,Firearm,65,0.9,30.3,16415,36818,42987,0.856491497,21.7,0.216194332,0.139520776
23,40,Male,White,2015,Eagar,AZ,West,Firearm,68.6,0,23.6,20644,47821,31476,1.519284534,16.3,0.059301769,0.097701149
24,43,Male,White,2015,Phoenix,AZ,West,Firearm,20.6,5.9,71.2,19343,27066,53596,0.505000373,39.9,0.12,0.13821938
25,28,Female,-1,2015,Tuscon ,AZ,West,Firearm,87.4,0,10.4,20860,37292,42987,0.867518087,20.9,0.151329243,0.080025472
26,28,Male,Hispanic/Latino,2015,Phoenix,AZ,West,Other,30.6,11.5,44.4,23243,35524,53596,0.662810658,39.7,0.149219467,0.244320298
27,32,Male,White,2015,Maricopa,AZ,West,Firearm,59.2,1.4,24.3,45333,83438,50027,1.667859356,7.1,0.067204301,0.427527406
28,63,Male,White,2015,Glendale,AZ,West,Firearm,63.1,9.4,18.8,30661,55133,53596,1.028677513,13,0.05121876,0.245041426
29,33,Male,Hispanic/Latino,2015,Mesa,AZ,West,Knife,52.8,1.8,41.3,22995,52661,53596,0.982554668,13.4,0.118041583,0.198295641
30,24,Male,Native American,2015,Lukachukai,AZ,West,Firearm,4.3,0.3,2.7,13130,24637,31476,0.782723345,48.9,0.262736536,0.102930128
31,49,Female,White,2015,Peoria ,AZ,West,Non-lethal firearm,38.6,9.1,52.8,23974,34219,53596,0.638461826,17.6,0.104332953,0.100755668
32,51,Male,White,2015,Phoenix,AZ,West,No,75.3,3.5,14.3,23250,55233,53596,1.030543324,13,0.107897153,0.190435887
33,22,Male,Hispanic/Latino,2015,Chandler,AZ,West,No,60.2,4,30.3,32211,53346,53596,0.995335473,8.5,0.069218871,0.269216758
34,25,Male,White,2015,Tempe,AZ,West,Firearm,71.7,2.3,9.8,25839,44097,53596,0.822766624,20.5,0.059773829,0.518049398
35,26,Male,Native American,2015,Phoenix,AZ,West,No,16.3,12,55.4,16012,17699,53596,0.330229868,57.1,0.206933333,0.035050676
36,31,Male,White,2015,Kingman,AZ,West,Firearm,80.9,0.2,11.9,21374,42484,39200,1.08377551,16.2,0.149595213,0.141590679
37,28,Male,Hispanic/Latino,2015,Phoenix,AZ,West,Firearm,30.6,11.5,44.4,23243,35524,53596,0.662810658,39.7,0.149219467,0.244320298
38,35,Male,White,2015,Kearny,AZ,West,No,54.5,0,42.3,24352,49097,50027,0.981410039,19.5,0.078651685,0.080141129
39,37,Female,White,2015,La Paz County,AZ,West,No,45.5,3.1,40.8,15686,27552,45841,0.601034009,31.2,0.138238573,0.39089969
40,25,Male,Hispanic/Latino,2015,South Gate,CA,West,Firearm,1.2,0.6,98.8,17194,48295,55909,0.863814413,11.7,0.124827269,0.050132928
41,22,Male,Hispanic/Latino,2015,Bakersfield,CA,West,Firearm,50.8,0.3,44.2,25949,58068,48552,1.195996045,17.2,0.131461131,0.20380117
42,35,Male,Hispanic/Latino,2015,Wilmington,CA,West,Non-lethal firearm,8.6,0.2,84.1,25043,66543,55909,1.190201935,12.2,0.094346979,0.090437601
43,76,Male,White,2015,Hanford,CA,West,Knife,51.4,0.9,44.9,26916,56065,48133,1.164793385,9.2,0.041085271,0.100328947
44,40,Male,White,2015,Rancho Santa Margarita,CA,West,No,67.3,0.6,12.9,51186,117413,75422,1.556747368,4.4,0.057580779,0.527176781
45,24,Female,White,2015,San Francisco,CA,West,Firearm,44.8,6.9,16.5,41676,61904,75604,0.818792656,11.6,0.040850588,0.552548489
46,57,Male,Black,2015,San Francisco,CA,West,No,31.3,7.5,15.2,37455,111903,88202,1.268712728,6.4,0.063268366,0.40952621
47,21,Male,Hispanic/Latino,2015,San Francisco,CA,West,Vehicle,28.3,5.1,58.1,27384,60479,75604,0.799944447,12.7,0.115890508,0.349884906
48,36,Male,White,2015,Fontana,CA,West,Firearm,17.8,4.4,76.4,18376,39153,54090,0.72384914,24.4,0.262976968,0.071504237
49,26,Male,White,2015,Sylmar,CA,West,Firearm,7.7,6,77.9,22441,52344,55909,0.936235669,17.4,0.098980204,0.179372197
50,21,Male,Hispanic/Latino,2015,Corning,CA,West,Knife,56.6,1.2,35.9,19599,46320,41924,1.104856407,24.1,0.17323741,0.117980072
51,32,Male,Hispanic/Latino,2015,Los Angeles,CA,West,Firearm,4.3,3.4,89.6,15373,27585,55909,0.493391046,37.4,0.123766135,0.100675676
52,39,Male,Hispanic/Latino,2015,Santa Ana,CA,West,Knife,4.2,0.2,93.9,19978,47233,75422,0.626249635,20.6,0.123624444,0.06139805
53,29,Male,Black,2015,Los Angeles,CA,West,Firearm,70.7,4.5,15.5,42931,60714,55909,1.085943229,13.2,0.12679524,0.662311147
54,23,Male,-1,2015,South Gate,CA,West,Firearm,2,1.1,96.6,18047,43750,55909,0.782521598,16.3,0.125765426,0.015885947
55,26,Male,Black,2015,Los Angeles,CA,West,Firearm,1.9,47.3,45.9,17893,38690,55909,0.692017385,23.6,0.214183381,0.198357549
56,28,Male,Asian/Pacific Islander,2015,Stockton,CA,West,Knife,12.2,18.9,48.3,11805,15212,53380,0.284975646,50.7,0.348008386,0.061581248
57,35,Male,White,2015,Marysville,CA,West,Firearm,40.7,1.4,35.8,14746,28837,44902,0.642220836,32.2,0.214501511,0.106990014
58,43,Male,Black,2015,Los Angeles,CA,West,Vehicle,18,54.9,23,8206,10290,55909,0.18404908,79.2,0.439590444,0.060441941
59,33,Male,Hispanic/Latino,2015,Wasco,CA,West,Firearm,5.7,6.1,88.5,12741,23692,48552,0.487971659,50.6,0.151145038,0.026600166
60,64,Male,White,2015,Los Angeles,CA,West,Firearm,22.5,1.8,64.6,21130,55458,55909,0.99193332,7.3,0.068592058,0.285611251
61,45,Male,White,2015,Garden Grove,CA,West,Firearm,9.5,0,33.9,19598,56818,75422,0.753334571,24.3,0.11815301,0.165626027
62,34,Male,White,2015,San Diego,CA,West,Vehicle,47.3,6.7,29,26928,66542,62962,1.056859693,10.8,0.056382146,0.385287202
63,24,Male,Black,2015,Santa Clara,CA,West,Other,23.6,3,49.1,26846,62664,91702,0.683343875,9.1,0.107110979,0.348542762
64,29,Male,Black,2015,Antioch,CA,West,Firearm,37.5,5,54.3,22193,45512,78756,0.577886129,20.7,0.175749894,0.048747913
65,37,Male,Hispanic/Latino,2015,Ontario,CA,West,Firearm,15.6,5.8,66,24026,61989,54090,1.146034387,7.6,0.160571809,0.163655685
66,29,Male,Hispanic/Latino,2015,Hemet,CA,West,Firearm,48.3,8.1,38.4,17632,32708,56529,0.578605671,32,0.216848674,0.08590604
67,52,Male,Hispanic/Latino,2015,Pomona,CA,West,Knife,12.6,3.5,77,22177,46944,54090,0.867886855,23.2,0.135651629,0.084254483
68,27,Male,Hispanic/Latino,2015,Santa Ana,CA,West,No,0.5,0.2,96.3,16620,41611,75422,0.55170905,25.7,0.065989848,0.030701754
69,20,Male,-1,2015,Long Beach,CA,West,Firearm,46.4,6.1,24.4,31776,65912,55909,1.178915738,11.3,0.086558761,0.442805539
70,42,Male,White,2015,Apple Valley,CA,West,Firearm,70.2,1.3,23.3,23716,49844,54090,0.921501202,23.6,0.086389961,0.141213064
71,42,Male,White,2015,San Diego,CA,West,Firearm,56.7,9.1,24,23467,31495,62962,0.500222356,23,0.090163934,0.362808843
72,56,Male,White,2015,Encinitas,CA,West,No,80.6,0.6,10.5,40529,96094,62962,1.526222166,7.5,0.057553957,0.540820096
73,19,Male,Hispanic/Latino,2015,Long Beach,CA,West,No,4,9.5,68.2,17223,30398,55909,0.543704949,42,0.171334432,0.039807524
74,41,Male,Hispanic/Latino,2015,Napa,CA,West,Firearm,73.8,2.5,17.7,41719,90271,70443,1.281475803,8.6,0.066012002,0.482361963
75,29,Male,Black,2015,Modesto,CA,West,Knife,72.5,1.2,19.3,28397,53097,49297,1.077083798,11.6,0.092623405,0.276122083
76,47,Male,White,2015,Bakersfield,CA,West,Firearm,28.7,17.7,48.7,12297,18942,48552,0.390138408,46.2,0.132231405,0.066834805
77,35,Male,White,2015,Calimesa,CA,West,Firearm,71.2,0,23.6,23378,43460,56529,0.76880893,16,0.119515253,0.148913897
78,23,Male,White,2015,San Bernadino,CA,West,Firearm,32.9,18.3,39.2,26030,52656,54090,0.97348863,15,0.102047449,0.169544297
79,36,Male,Hispanic/Latino,2015,Fairfield,CA,West,Disputed,34.1,24.5,26,28062,45833,67177,0.682272206,23.5,0.160147262,0.144635049
80,27,Male,Hispanic/Latino,2015,Delano,CA,West,Firearm,5.1,2.7,80,15480,48561,48552,1.000185368,20.1,0.151374509,0.084873066
81,28,Male,White,2015,Highland,CA,West,Knife,31.8,9.3,48.6,22628,50645,54090,0.936309854,11.8,0.176044568,0.064474254
82,28,Male,White,2015,Sunnyvale,CA,West,Firearm,27.6,0.7,26.2,30908,80962,91702,0.882881507,6.6,0.120577121,0.350638761
83,46,Female,White,2015,Sebastopol,CA,West,Vehicle,83.3,1.5,10.9,33918,68926,63356,1.087915904,6.6,0.065811966,0.400197954
84,27,Male,Hispanic/Latino,2015,Elk Grove,CA,West,Knife,44.7,0,41.7,28730,60833,55064,1.104768996,14.7,0.164906988,0.176865936
85,35,Male,Hispanic/Latino,2015,Los Angeles,CA,West,Firearm,2.4,2,72,12376,23075,55909,0.412724248,50.6,0.157422081,0.126103405
86,35,Male,Asian/Pacific Islander,2015,Stockton,CA,West,Firearm,32.8,7.8,35.5,17026,41385,53380,0.775290371,29.1,0.235502122,0.101457097
87,42,Male,White,2015,Sacramento,CA,West,Firearm,62.1,7.1,15.5,30332,48188,55064,0.875127125,31.1,0.107025846,0.475305216
88,32,Male,White,2015,San Francisco,CA,West,Other,73.5,0.9,11.8,64657,115750,75604,1.531003651,8.6,0.050441655,0.794069862
89,26,Female,Black,2015,Oxnard,CA,West,No,16.1,2.6,70.9,29511,65552,76544,0.856396321,8.9,0.086549063,0.318350079
90,57,Male,-1,2015,Lake Isabella,CA,West,Firearm,87.2,0.2,3.6,18472,30119,48552,0.620345197,28.2,0.108664773,0.155529618
91,43,Female,Black,2015,Anaheim,CA,West,Firearm,23.3,0.9,68,21008,45353,75422,0.601323221,11.2,0.119982921,0.105032823
92,21,Male,Black,2015,Cerritos,CA,West,Firearm,14.5,4.5,7.9,42774,101818,55909,1.821137921,1.5,0.056978002,0.556167665
93,24,Male,Hispanic/Latino,2015,Los Angeles,CA,West,No,41.8,8.7,8.8,39531,67542,55909,1.208070257,25.5,0.103303862,0.560435572
94,25,Male,White,2015,Stockton,CA,West,Other,5.9,14.5,62.7,15628,44228,53380,0.828550019,29.4,0.265224111,0.049474494
95,31,Male,Black,2015,Anaheim,CA,West,Knife,15.7,1.6,69.1,25755,51901,75422,0.688141391,22.4,0.123324397,0.253384913
96,59,Male,White,2015,Chino,CA,West,No,28.1,7.1,32.9,37453,97955,54090,1.810963209,6,0.138940153,0.512849414
97,37,Male,White,2015,Vallejo,CA,West,Firearm,10.6,23,7.8,34516,91573,67177,1.36316001,5.6,0.108266073,0.350836333
98,23,Male,Black,2015,San Jose,CA,West,Firearm,7.2,1.9,83.4,22132,39892,91702,0.435017775,32.2,0.083946344,0.112262522
99,56,Male,-1,2015,Tehachapi,CA,West,Firearm,72.8,0.3,26.3,26741,56698,48552,1.167778876,11.5,0.113105925,0.107372482
100,36,Male,White,2015,Bakersfield,CA,West,Firearm,36.3,2.3,59.8,21115,55093,48552,1.134721536,23.1,0.117837838,0.070159027
101,37,Male,Black,2015,Hawthorne,CA,West,No,27.6,5.5,46.4,32242,83258,55909,1.489169901,7.4,0.081118881,0.252503954
102,22,Male,Hispanic/Latino,2015,Rio Linda,CA,West,Knife,49,2.5,22.5,30472,56458,55064,1.025315996,11.2,0.11952862,0.173560108
103,39,Male,Hispanic/Latino,2015,Los Angeles,CA,West,No,1.7,0,94.3,14162,25792,55909,0.461321075,38.5,0.218400688,0.065922921
104,47,Male,Hispanic/Latino,2015,Shafter,CA,West,Firearm,30.1,1.4,66.5,21130,49076,48552,1.010792552,18.8,0.078510317,0.13387151
105,23,Male,Hispanic/Latino,2015,Pomona,CA,West,Knife,13,10.4,61.1,15632,26970,55909,0.482391028,39.3,0.122121424,0.201408451
106,57,Male,White,2015,San Jose,CA,West,Firearm,8.5,0,27.3,17467,41767,91702,0.455464439,17.1,0.115249119,0.156238291
107,34,Male,Hispanic/Latino,2015,Burbank,CA,West,Firearm,58.6,2.8,19.2,44585,83325,55909,1.490368277,6.8,0.085368162,0.502911679
108,33,Male,White,2015,Alpine,CA,West,Firearm,49.5,10.9,36.1,20164,71929,62962,1.142419237,19.2,0.090909091,0.227392739
109,32,Male,Asian/Pacific Islander,2015,South El Monte,CA,West,Knife,5.7,0,80.8,17367,57500,55909,1.028456957,13.8,0.015197568,0.072751323
110,36,Male,White,2015,Hemet,CA,West,Firearm,48.3,8.1,38.4,17632,32708,56529,0.578605671,32,0.216848674,0.08590604
111,28,Male,Hispanic/Latino,2015,Los Angeles,CA,West,Firearm,0.3,37,60.3,16940,26250,55909,0.469512959,33.7,0.066431095,0.122007366
112,38,Female,Black,2015,Oakland,CA,West,Firearm,21.7,24.9,37.1,26971,63052,72112,0.874362103,23.9,0.069601428,0.396475771
113,48,Male,-1,2015,Fremont,CA,West,Firearm,23.1,4,12.3,33590,88940,72112,1.233359219,6.1,0.0809121,0.435773284
114,45,Male,White,2015,Glenwood Springs,CO,West,Knife,69.7,0.1,28,35827,59051,57022,1.035582758,7.7,0.044583333,0.380767739
115,17,Male,White,2015,Grand Junction,CO,West,Firearm,74,1.3,20.3,21109,30484,49471,0.61619939,25.7,0.079276773,0.261888814
116,46,Male,White,2015,Craig,CO,West,No,94.4,0,4.2,39179,74510,53231,1.399748267,7.7,0.041666667,0.207537688
117,32,Male,Black,2015,Northglenn,CO,West,Firearm,62.2,1.6,28.7,30906,55442,56270,0.985285232,12.4,0.08035982,0.106167401
118,17,Female,Hispanic/Latino,2015,Denver,CO,West,Firearm,38.8,43.2,13.7,32602,54261,50313,1.078468785,11.8,0.096314908,0.441001565
119,39,Male,Black,2015,Aurora,CO,West,Vehicle,37.7,17.2,42.1,25279,48169,60651,0.794199601,20.3,0.1340882,0.263902439
120,39,Male,Asian/Pacific Islander,2015,Boulder,CO,West,Firearm,92.7,0.1,1.6,54036,111464,67956,1.640237801,7.7,0.051483733,0.824971165
121,39,Male,Hispanic/Latino,2015,Evans,CO,West,Firearm,33.3,0.7,61.8,18022,27500,57180,0.480937391,42.7,0.121156494,0.062254902
122,37,Male,Black,2015,Aurora,CO,West,No,26.2,24,41,21082,38293,60651,0.631366342,23.9,0.172646427,0.114899926
123,26,Male,Hispanic/Latino,2015,Pueblo,CO,West,Firearm,42.6,3.2,52.9,22057,34987,41777,0.837470378,22.1,0.171932403,0.211460151
124,72,Male,White,2015,Ca?_ńon City,CO,West,Firearm,66.6,8,21,19044,41571,39943,1.04075808,16.8,0.109414758,0.223813112
125,20,Male,Black,2015,Trinidad,CO,West,Firearm,41.3,0.6,55.3,15498,25688,42261,0.607841745,26.6,0.12590799,0.170926518
126,41,Male,White,2015,Branford,CT,Northeast,Other,76.8,2.1,8.8,41609,64063,61996,1.033340861,8.3,0.071680376,0.382333768
127,35,Male,Black,2015,Washington,DC,South,Firearm,60.6,7.8,10.5,86023,118194,65830,1.795442807,11.9,0.019665683,0.828070175
128,52,Male,White,2015,Smyrna,DE,Northeast,Firearm,64.4,24.6,5.2,34176,66998,55149,1.214854304,6.4,0.063839559,0.241391224
129,35,Male,White,2015,Claymount,DE,Northeast,Firearm,40.1,45.6,3.1,30723,36519,64537,0.565861444,15.5,0.137201979,0.271408351
130,48,Male,Black,2015,Putnam Hall,FL,South,Firearm,86.2,7.4,6.5,23926,36844,32497,1.133766194,18.2,0.176148796,0.15356292
131,18,Male,White,2015,St Petersburg,FL,South,Firearm,83.9,4,5.5,26667,46233,45535,1.015328868,17.1,0.115461847,0.205354678
132,50,Male,White,2015,Palm Bay,FL,South,Knife,57,17.7,19.8,22105,39535,48039,0.822977164,14.1,0.080136986,0.175059952
133,39,Male,Black,2015,Coconut Creek,FL,South,Firearm,73.2,6,14.4,27031,39561,51251,0.77190689,7.8,0.081150488,0.358902001
134,53,Male,White,2015,St Augustine,FL,South,Firearm,94.4,0.5,2.9,31274,59167,64876,0.912001356,10.6,0.099182004,0.520915354
135,30,Male,Black,2015,Cocoa,FL,South,Knife,18.1,67.5,11.5,13805,21000,48039,0.43714482,47.4,0.155444722,0.070175439
136,28,Male,Black,2015,Jacksonville,FL,South,Firearm,31.8,51,12,22472,40071,48323,0.829232457,20,0.149261335,0.202439778
137,58,Male,White,2015,Clermont,FL,South,Firearm,62.5,15.8,15.9,24749,54905,45035,1.219162873,9.4,0.12539185,0.201200343
138,42,Male,Hispanic/Latino,2015,Lakeland,FL,South,Firearm,75.3,13.7,10.5,21474,39108,43113,0.907104586,14.3,0.155357805,0.258240183
139,29,Male,Black,2015,Lauderhill,FL,South,No,3.2,94.4,5,20254,29884,51251,0.583091062,26.9,0.160730056,0.182923381
140,26,Male,White,2015,Deltona,FL,South,-1,52.2,5.1,41.5,19921,43413,42457,1.022516899,17.4,0.102382486,0.056138934
141,64,Male,White,2015,Tallahassee,FL,South,Firearm,66.2,28.5,3.8,21261,28859,46369,0.622377019,36.6,0.091334895,0.358885017
142,22,Male,White,2015,Navarre,FL,South,Firearm,74.2,10.8,9.1,27745,60186,57703,1.043030692,15.8,0.108825481,0.237702807
143,45,Male,White,2015,Panama City,FL,South,Knife,84.3,4.6,6,21693,36273,47461,0.764269611,19.2,0.114788437,0.158741259
144,37,Male,Hispanic/Latino,2015,Orlando,FL,South,Firearm,16,10.6,72.4,17433,29410,47581,0.618103865,30.7,0.153279786,0.171372292
145,39,Male,Black,2015,Fort Pierce,FL,South,Firearm,56.7,34.3,7.1,11338,11378,43413,0.262087393,54.2,0.305194805,0.095599393
146,33,Male,White,2015,Ocala,FL,South,No,70.9,19.6,7.1,19808,45125,39453,1.143766,14.1,0.108317215,0.200268817
147,29,Male,Black,2015,Fort Lauderdale,FL,South,-1,14,60,26.6,19032,43496,51251,0.848685879,28.1,0.11313083,0.164427727
148,36,Male,White,2015,Tampa Bay,FL,South,No,64.1,8.1,24.7,35194,77275,49596,1.558089362,7.9,0.063364345,0.424920803
149,28,Male,Black,2015,Tallahassee,FL,South,Vehicle,56.5,35.1,2.9,19218,38658,46369,0.833703552,32.6,0.133175195,0.38185567
150,33,Male,White,2015,Sarasota,FL,South,Other,90.5,5.1,2.2,27385,50852,49052,1.036695751,15.2,0.114509804,0.497148004
151,37,Male,White,2015,Port St Joe,FL,South,No,67.9,30,0.1,20769,38176,40455,0.943665802,16,0.129227053,0.169018933
152,46,Male,White,2015,Orlando,FL,South,Firearm,29.6,13.1,56,17213,30069,47581,0.631953931,35.2,0.127546072,0.146364057
153,28,Male,White,2015,St Augustine,FL,South,Firearm,79.1,4.6,9.2,40021,90191,64876,1.390205931,4.6,0.054535801,0.458288579
154,16,Male,Black,2015,Jacksonville,FL,South,Firearm,5.2,93.6,0.7,14754,23880,48323,0.494174617,36.4,0.232041049,0.105285592
155,25,Male,Black,2015,Miami Gardens,FL,South,Firearm,5.9,83,9.5,26067,52453,43100,1.217006961,8.2,0.116955017,0.16485773
156,26,Male,Black,2015,Fort Lauderdale,FL,South,Firearm,5.8,92.8,2.5,13143,22712,51251,0.443152329,51.4,0.294452347,0.077979132
157,18,Male,Hispanic/Latino,2015,Key Largo,FL,South,Knife,75.2,1.5,21.7,25977,54219,53607,1.011416419,16.4,0.081262592,0.313959028
158,22,Male,Black,2015,Miami,FL,South,Knife,1.8,79.2,20.8,16745,26082,43100,0.605150812,42.5,0.289340102,0.092167454
159,25,Female,Black,2015,Atlanta,GA,South,Vehicle,30.5,58.4,6.4,23205,56190,56857,0.988268815,42.4,0.229482072,0.3805374
160,41,Male,Hispanic/Latino,2015,Clarkesville,GA,South,Firearm,93.7,0.6,5.1,22085,47196,39306,1.200732713,9.5,0.133676093,0.268161872
161,27,Male,Black,2015,Chamblee,GA,South,No,60.1,9.5,13.7,32142,57964,50856,1.139767186,18.6,0.170409511,0.565535024
162,45,Male,White,2015,Douglas,GA,South,Firearm,65.1,23.7,6.3,21769,38988,35693,1.09231502,27.8,0.11037302,0.172743574
163,35,Male,Black,2015,Rome,GA,South,Knife,94.1,2.4,2.6,20248,40708,40821,0.997231817,20.5,0.150121065,0.192909897
164,62,Male,Black,2015,Atlanta,GA,South,No,5.1,85.1,6.2,14256,17545,56857,0.308581177,41.4,0.23108747,0.129396985
165,23,Male,White,2015,Port Wentworth,GA,South,Firearm,52.5,36.5,4.4,37721,68136,45794,1.487880508,12.2,0.050383481,0.479000583
166,34,Female,White,2015,Moultrie,GA,South,Knife,63.6,7.7,21.4,21667,54871,32484,1.689170053,14.8,0.140276302,0.200720072
167,42,Male,Black,2015,Valdosta,GA,South,Knife,54.9,42.7,0.6,19031,34083,37365,0.91216379,19.3,0.111002921,0.197846568
168,57,Male,White,2015,Eatonton,GA,South,No,89,8.6,1.9,20760,44902,44764,1.003082834,6.6,0.066384181,0.085993241
169,36,Male,White,2015,Conyers,GA,South,Firearm,56.8,34,4.4,29063,54146,52579,1.029802773,8.1,0.140740741,0.225638353
170,72,Male,-1,2015,Lawrenceville,GA,South,Firearm,14.9,24.9,34.2,24332,60631,60445,1.003077178,14.1,0.099892819,0.247864986
171,40,Male,Black,2015,Carrollton,GA,South,Firearm,67.6,26.3,4.3,25418,43517,46147,0.943008213,17,0.136045259,0.17954453
172,22,Male,Black,2015,Savannah,GA,South,Other,47.5,28.2,22.6,25190,33545,45794,0.732519544,30.1,0.119607843,0.202453988
173,37,Male,White,2015,Powder Springs,GA,South,No,78,15.7,2.6,49269,96625,63920,1.511655194,3,0.050305914,0.431638418
174,23,Male,Black,2015,Atlanta,GA,South,Knife,37,45.7,10.6,45795,53891,63920,0.843100751,6.9,0.033260234,0.543604651
175,46,Male,Asian/Pacific Islander,2015,Honolulu,HI,West,No,43,7.7,1,35788,62594,72764,0.860233082,14.4,0.055155875,0.510619469
176,63,Male,White,2015,Waikoloa Village,HI,West,Firearm,51.1,0.4,6.1,36696,70159,51250,1.368956098,7.3,0.110093792,0.313166605
177,19,Male,White,2015,Kaumakani,HI,West,Knife,15,0.4,11.1,30533,72000,62052,1.160317153,5.4,0.045591398,0.182048498
178,38,Male,Asian/Pacific Islander,2015,Honolulu,HI,West,No,26.1,13.4,2,21509,25323,72764,0.348015502,20.1,0.231788079,0.272237197
179,34,Female,White,2015,Burlington,IA,Mid-west,Firearm,72.1,14.5,6.8,15488,26964,42451,0.635179383,26.3,0.105963791,0.096564885
180,30,Male,White,2015,Des Moines,IA,Mid-west,Firearm,49.7,13.6,32.2,16071,29375,59018,0.497729506,31.3,0.127948113,0.042051282
181,31,Male,White,2015,Middleton,ID,Mid-west,Knife,89,0,8.1,28125,58600,42105,1.391758698,9.5,0.095137421,0.226443265
182,45,Male,White,2015,Rexburg,ID,Mid-west,Non-lethal firearm,88.9,0.1,6.4,10987,19672,32059,0.613618641,42.4,0.091570649,0.26719057
183,26,Male,White,2015,Boise,ID,West,Knife,74.9,2.3,12,20296,33611,55210,0.60878464,29.6,0.117797332,0.228324505
184,31,Male,White,2015,Rigby,ID,Mid-west,No,89.5,0,8.4,27347,57256,52023,1.100590124,9.6,0.06899401,0.19408867
185,32,Male,Black,2015,Rock Island,IL,Mid-west,No,40.4,44,10.4,20610,37215,48702,0.764136996,26.9,0.166843783,0.207425343
186,63,Male,White,2015,Metropolis,IL,Mid-west,Non-lethal firearm,83.5,9,1.1,25135,51518,43615,1.181199129,11.3,0.104347826,0.105422829
187,27,Male,Hispanic/Latino,2015,Alton,IL,Mid-west,No,86.2,9.8,1,18727,24946,53633,0.465124084,31.2,0.203891051,0.092969204
188,18,Male,Black,2015,Chicago,IL,Mid-west,No,1,95,0.7,26314,34771,54548,0.637438586,24.9,0.191593353,0.28164794
189,31,Male,White,2015,Rosemont,IL,Mid-west,Firearm,79.9,3.8,10.3,27172,46048,54548,0.844173939,11.5,0.095054592,0.131664853
190,27,Male,White,2015,Marion,IL,Mid-west,Firearm,82.7,8.9,3.2,19474,32313,43125,0.749286957,22.4,0.085856304,0.247985121
191,17,Male,Black,2015,Zion,IL,Mid-west,Firearm,26.6,40.7,26.2,21955,47723,77469,0.616027056,19.1,0.273263434,0.101003764
192,41,Male,White,2015,Rockford,IL,Mid-west,Firearm,49.7,16.5,26.3,15542,26032,47072,0.553025153,39.1,0.19002079,0.026403743
193,45,Male,Black,2015,Harvey,IL,Mid-west,No,9.5,67,21.7,19151,33028,54548,0.605485077,30.2,0.212271153,0.11542814
194,20,Male,Black,2015,Joliet,IL,Mid-west,Firearm,14.3,38.8,44.9,16065,25093,76147,0.329533665,37.5,0.152272727,0.070552147
195,39,Male,White,2015,Arcola,IL,Mid-west,Firearm,78.5,0.4,20.9,27719,51518,52741,0.976811209,14,0.053739612,0.158820941
196,31,Male,White,2015,Terre Haute ,IN,Mid-west,Firearm,83.7,7.6,3.1,25563,44857,40692,1.102354271,13.1,0.054470101,0.345857854
197,23,Male,White,2015,Indianapolis,IN,Mid-west,Non-lethal firearm,64,23.5,7.5,25998,39727,42334,0.938418293,26,0.067321178,0.568033429
198,29,Male,Black,2015,Monon,IN,Mid-west,Firearm,76.2,0,19.9,21858,40959,51444,0.796186144,21.8,0.087258687,0.10559723
199,27,Male,Black,2015,Indianapolis,IN,Mid-west,Other,21.5,53,20.9,20623,36070,42334,0.852033826,28.9,0.121461408,0.142857143
200,60,Male,White,2015,Harmony,IN,Mid-west,No,96.3,0.3,0.2,22384,42348,46430,0.912082705,20.1,0.075280112,0.131186929
201,39,Male,White,2015,Crown Point,IN,Mid-west,Firearm,61.4,24.2,10.7,36727,65074,49035,1.327092893,8.8,0.086255656,0.307383628
202,51,Male,White,2015,Indianapolis,IN,Mid-west,Firearm,61.8,29.3,6,25226,43110,42334,1.01833042,15.1,0.125633232,0.090463918
203,36,Male,Black,2015,Indianapolis,IN,Mid-west,Vehicle,1.4,87.2,4.5,20072,25677,42334,0.606533755,38.2,0.224820144,0.085378869
204,21,Male,Hispanic/Latino,2015,Kansas City,KS,Mid-west,Other,40.3,10.7,41.4,22719,32471,39402,0.824095224,36.5,0.178185745,0.070931245
205,35,Male,White,2015,Assaria,KS,Mid-west,Knife,94.9,0.6,3.2,31080,57244,47215,1.21241131,9.5,0.041356877,0.240897389
206,53,Female,White,2015,Gardner,KS,Mid-west,Firearm,87.1,1.8,3.4,33869,67702,74717,0.906112397,6.3,0.035865793,0.283661878
207,23,Male,Hispanic/Latino,2015,Wichita,KS,Mid-west,Knife,45,34.2,15.7,22016,36701,49865,0.736007219,24.1,0.106899903,0.206730769
208,34,Male,White,2015,Kansas City,KS,Mid-west,Firearm,1.1,60.3,37.2,15556,24929,39402,0.63268362,45.3,0.258571429,0.036484245
209,38,Male,White,2015,Topeka,KS,Mid-west,Firearm,89.6,3.4,4.5,28781,38608,48451,0.796846298,10.4,0.045649073,0.366545265
210,29,Male,Black,2015,Elizabethtown,KY,South,Knife,86.2,6.4,3.9,28556,58463,48687,1.200792819,8.6,0.053564237,0.214598953
211,67,Male,White,2015,Gunlock,KY,South,Firearm,95.9,0,0,12840,25139,26877,0.935335045,34.2,0.312611012,0.035820896
212,38,Male,Black,2015,Owensboro,KY,South,Firearm,88.7,3,1.7,33294,70638,46555,1.517302116,10.9,0.032068063,0.388998035
213,69,Male,White,2015,Stanford,KY,South,No,94.2,3.4,1.1,16615,17917,33651,0.532435886,45.4,0.205128205,0.103820598
214,47,Male,White,2015,Williamsburg,KY,South,Firearm,99.4,0.2,0,15289,27582,29769,0.926534314,33.2,0.096566524,0.142857143
215,53,Male,White,2015,Chavies,KY,South,No,97.2,1.3,0,21506,36782,33528,1.097053209,18.7,0.088392857,0.153225806
216,40,Male,White,2015,Wilmore,KY,South,Non-lethal firearm,90,1.8,2.3,17696,50265,49024,1.025314132,15.4,0.053853296,0.493210587
217,27,Male,White,2015,Pineville,LA,South,No,53.8,36.2,0.5,14678,27972,40930,0.683410701,28.8,0.065723794,0.111402359
218,47,Male,White,2015,Tallulah,LA,South,Firearm,51.3,47.8,0.9,15373,21803,25498,0.855086673,43.1,0.192203083,0.123522459
219,48,Male,Black,2015,Harvey,LA,South,Firearm,10.8,86.4,2.6,23944,42083,48261,0.871987733,38.3,0.057540884,0.14025974
220,25,Male,Black,2015,Harvey,LA,South,Firearm,19,46.1,28.8,18257,25950,48261,0.537701249,39.4,0.018193225,0.108970831
221,31,Male,Black,2015,Baton Rouge,LA,South,Vehicle,5.4,93.1,1.3,10219,21964,48506,0.452809962,48.4,0.27734375,0.120772947
222,22,Male,Black,2015,New Orleans,LA,South,Other,9.9,68.6,20.6,18029,20556,37146,0.553383944,57.1,0.20361991,0.087719298
223,24,Male,White,2015,Bossier City,LA,South,Firearm,50.9,31.2,7.9,20396,33898,53248,0.63660607,26.4,0.082046758,0.166790767
224,33,Male,White,2015,Ville Platte,LA,South,Knife,95.9,2,0,21831,43056,31832,1.352601156,18.5,0.02987013,0.122131148
225,37,Male,Black,2015,New Orleans,LA,South,Firearm,2.1,84.2,5.4,9353,15293,37146,0.411699779,54.6,0.324444444,0.039319872
226,47,Male,White,2015,Denham Springs,LA,South,Firearm,86.8,1.5,10.6,30540,70469,56811,1.240411188,10.8,0.065487392,0.204924761
227,41,Male,Black,2015,Roxbury,MA,Northeast,Firearm,1.6,66.4,35.2,14995,20388,53540,0.380799402,41.3,0.22039801,0.182336182
228,30,Male,White,2015,Tewksbury,MA,Northeast,No,91.1,2.1,3.4,51071,102399,82090,1.247399196,1.8,0.058623619,0.41799308
229,22,Male,White,2015,Chatham,MA,Northeast,-1,90,9.3,0,31641,67059,60526,1.107937085,7.7,0.096795291,0.527820122
230,40,Male,White,2015,Webster,MA,Northeast,No,83.3,2.2,6.6,21131,35507,65223,0.544393849,16.7,0.134320175,0.158213475
231,49,Male,White,2015,Weymouth,MA,Northeast,Firearm,94.5,0.2,0.2,36062,66036,84916,0.777662631,4.7,0.093385214,0.364356436
232,40,Male,Black,2015,Silver Spring,MD,South,Firearm,3.8,81.2,6.1,25799,42097,98221,0.4285947,19.9,0.159026599,0.380490588
233,26,Male,Black,2015,Baltimore,MD,South,Firearm,17.4,75.7,0,11157,21433,41385,0.517892956,51,0.309882747,0.014117647
234,31,Male,Black,2015,Hagerstown,MD,South,Firearm,41.5,52.6,3.1,12109,16007,55609,0.287849089,46.7,0.348777349,0.091324201
235,54,Male,Black,2015,Randallstown,MD,South,Firearm,11.3,86.4,0,37922,54274,66486,0.816322233,10.1,0.067278287,0.345549738
236,25,Male,Black,2015,Salisbury,MD,South,Firearm,11.1,75.1,11.3,18976,30844,51092,0.603695295,23.4,0.206338726,0.093983992
237,25,Male,Black,2015,Baltimore,MD,South,Firearm,0.1,99.4,0,14227,21083,41385,0.509435786,39.1,0.254367575,0.036792453
238,16,Male,White,2015,Essex,MD,South,Firearm,38,53,3.2,25865,38879,66486,0.584769726,11.3,0.115929459,0.136934307
239,34,Male,Black,2015,Landover,MD,South,Firearm,1.6,92.7,5.1,35089,84028,73623,1.141328118,3.5,0.120465116,0.20610687
240,27,Male,Black,2015,Fort Meade,MD,South,Firearm,58.6,25.5,10,20995,79844,87430,0.913233444,3.2,0.095238095,0.474940334
241,37,Male,Black,2015,Elkton,MD,South,Knife,77.4,14.6,7.6,31524,53941,66689,0.808844037,4.5,0.134502924,0.151760228
242,61,Male,White,2015,Smyrna,ME,Northeast,Knife,97.2,0.3,0.6,18760,40288,37855,1.064271563,17.9,0.115207373,0.144492132
243,31,Male,White,2015,Wyoming,MI,Mid-west,Other,63.6,7.7,26.5,22005,44553,51667,0.862310566,18.4,0.174167417,0.102691511
244,25,Male,Black,2015,Detroit,MI,Mid-west,No,0,98.4,1,14177,24539,41184,0.59583819,46.3,0.258064516,0.065584416
245,39,Male,White,2015,Rockwood,MI,Mid-west,Firearm,94.1,3.2,1.5,29488,67636,41184,1.642288267,11.2,0.145936982,0.212507778
246,17,Male,White,2015,Roxand Township,MI,Mid-west,Non-lethal firearm,96.1,0.1,3.1,32088,67756,54115,1.252074286,8.5,0.090425532,0.168076923
247,17,Male,White,2015,Bay City,MI,Mid-west,Knife,69.6,6.6,19.9,14504,19097,45376,0.420861248,40,0.260663507,0.101298701
248,18,Male,White,2015,Trenton,MI,Mid-west,No,92.3,1.3,5.7,26583,60795,41184,1.47618007,6,0.091408935,0.236224029
249,32,Male,White,2015,Eaton Rapids Township,MI,Mid-west,Other,94.7,0.9,3.4,33875,71417,54115,1.319726508,3.3,0.069385271,0.238783649
250,38,Male,White,2015,Portage,MI,Mid-west,Firearm,81.1,8.6,2.7,33110,74347,45775,1.624183506,7.1,0.071646341,0.454371585
251,20,Male,Black,2015,Detroit,MI,Mid-west,Firearm,5.7,92.4,1.3,12961,21468,41184,0.521270396,53.8,0.181212525,0.120189773
252,28,Male,White,2015,St Paul,MN,Mid-west,Firearm,37.7,22.7,10.9,23280,47525,54247,0.876085313,18.1,0.106712565,0.161686451
253,24,Male,Black,2015,St Paul,MN,Mid-west,Vehicle,18.9,42.3,5.4,11425,18156,54247,0.334691319,48.9,0.223255814,0.177067083
254,24,Male,White,2015,Bloomington,MN,Mid-west,Knife,86.7,3.3,3.1,43458,82702,64403,1.284132727,6.9,0.049067982,0.622360248
255,68,Male,White,2015,Minneapolis,MN,Mid-west,Other,61.7,9.8,16.3,28690,46519,64403,0.722311072,8.7,0.112132353,0.264764622
256,31,Male,Black,2015,Fridley,MN,Mid-west,No,57.8,15.5,2.2,23143,47174,70380,0.670275646,10.6,0.108108108,0.164179104
257,57,Male,Asian/Pacific Islander,2015,Minneapolis,MN,Mid-west,Firearm,37.8,28.2,8.9,26143,38958,64403,0.604909709,23,0.101226994,0.206444566
258,28,Male,Black,2015,Columbia,MO,Mid-west,Firearm,82.8,4.9,5.3,21264,36649,48627,0.753675941,36.2,0.034616881,0.674125874
259,59,Male,White,2015,Kansas City,MO,Mid-west,No,34.2,57.3,1.1,25030,46007,47015,0.978560034,14.1,0.138454667,0.161811162
260,19,Male,Black,2015,St Louis,MO,Mid-west,Firearm,0.2,99.8,0,14048,18828,34582,0.544445087,37.6,0.507614213,0.029233871
261,47,Male,White,2015,Green Ridge,MO,Mid-west,Firearm,96.8,0.2,0.8,24705,49649,47223,1.051373271,16.4,0.065677966,0.138937031
262,23,Male,Black,2015,St Louis,MO,Mid-west,No,28.5,59.4,6.1,17693,33095,34582,0.957000752,38.7,0.201671309,0.10056391
263,51,Male,White,2015,Columbia,MO,Mid-west,Other,69.4,4.4,3.5,5457,10931,48627,0.224792811,69.4,0.028318584,0.579006772
264,29,Male,White,2015,Robertsville,MO,Mid-west,No,97.1,1.1,0.3,27917,55279,48857,1.131444829,12,0.138111888,0.11350548
265,31,Male,White,2015,Springfield,MO,Mid-west,No,93.4,2,1.3,13929,26613,40337,0.659766468,26.5,0.166007905,0.105626851
266,23,Male,Black,2015,Jennings,MO,Mid-west,Knife,7.5,92.5,0,18371,27409,58910,0.465269054,25.1,0.268621236,0.166768728
267,34,Male,Black,2015,St Louis,MO,Mid-west,Firearm,1,98.6,0.2,11656,20844,58910,0.353827873,50.8,0.299757282,0.05115346
268,49,Male,White,2015,Lucedale,MS,Mid-west,Firearm,94.3,4.7,0.1,21837,36319,43958,0.826220483,22.9,0.105180534,0.095789972
269,34,Male,White,2015,Iuka,MS,Mid-west,No,97.3,0.8,0.3,18243,30857,32592,0.946766078,16.1,0.096869245,0.125579342
270,45,Male,White,2015,Robinsonville,MS,Mid-west,Firearm,20.6,74.2,2.2,22681,32899,31446,1.046206195,31.4,0.091877986,0.174675128
271,49,Male,White,2015,Gulfport,MS,South,Other,9.9,85.3,4.8,12930,19031,43124,0.441308784,47.1,0.127254509,0.088779956
272,43,Male,White,2015,Meridian,MS,South,No,77.3,16.9,2.9,20685,44247,36203,1.222191531,11,0.098382749,0.140836771
273,36,Male,White,2015,Ruth,MS,South,Firearm,72.2,25.9,0.3,22213,46740,34841,1.341522918,15.5,0.055140187,0.127942064
274,48,Male,White,2015,Billings,MT,West,Firearm,75.4,1.6,6.5,24076,38365,51342,0.747243972,21.6,0.170554692,0.368347987
275,28,Male,White,2015,Huntley,MT,West,Firearm,87.5,0.1,3.3,28125,68949,51342,1.342935608,9.5,0.049460432,0.300439399
276,43,Female,White,2015,Gastonia,NC,South,Firearm,59.9,31.7,2.9,18843,30408,42017,0.723707071,28.7,0.195510204,0.170362358
277,18,Male,White,2015,Wake Forest,NC,South,No,88.2,8.5,1.4,30061,57174,66006,0.866193982,8.5,0.038598999,0.526623377
278,24,Male,White,2015,Dublin,NC,South,Knife,54.9,22,19.1,16983,25690,30164,0.851677496,26.7,0.116172169,0.12675
279,40,Male,Black,2015,Tarboro,NC,South,No,33.2,62.2,2.8,20836,30588,33960,0.900706714,24.6,0.195104392,0.149602386
280,74,Male,Black,2015,Gastonia,NC,South,Firearm,33.3,43.7,22.3,15489,28696,42017,0.682961658,33.7,0.19297235,0.045287638
281,20,Female,Black,2015,Charlotte,NC,South,Firearm,8.4,88,5.8,11184,18457,55444,0.332894452,68.2,0.422321429,0.079066753
282,32,Male,White,2015,Salemburg,NC,South,Knife,62.5,27.2,8.4,19868,33796,36496,0.92601929,17.2,0.089311334,0.111002445
283,58,Male,White,2015,Penrose,NC,South,Firearm,91.8,5.1,1.5,19645,36583,41781,0.875589383,14.8,0.095274683,0.153032832
284,55,Male,White,2015,Enfield,NC,South,Firearm,9.7,89.1,0,13939,29256,32329,0.904946024,31.5,0.251207729,0.08121547
285,52,Male,White,2015,Gaston,NC,South,Firearm,83.2,10.1,0.3,21175,38200,42017,0.909155818,28.5,0.256149733,0.072764228
286,42,Male,Black,2015,Norfolk,NE,Mid-west,No,92.3,2.3,2.9,23342,54809,46566,1.177017566,10.3,0.035221496,0.258886442
287,44,Male,White,2015,Sidney,NE,Mid-west,Firearm,87.8,0,10.3,30465,51033,51529,0.990374352,16.5,0.025311025,0.268360599
288,39,Male,White,2015,Omaha,NE,Mid-west,Firearm,55.5,6.4,36,16218,32948,53325,0.617871542,30.5,0.093378608,0.10933759
289,26,Male,Black,2015,Omaha,NE,Mid-west,No,56.4,31.8,4.4,22537,38359,53325,0.719343647,18.7,0.095988539,0.190532081
290,39,Female,White,2015,Omaha,NE,Mid-west,Firearm,88,2.6,4,36394,66786,53325,1.252433193,5.5,0.028415961,0.496179039
291,34,Male,White,2015,Lincoln,NE,Northeast,-1,74.8,8.8,4.2,26597,40404,51574,0.783418001,19.9,0.055735771,0.362382445
292,54,Male,White,2015,Derry,NH,Northeast,Firearm,94,1.8,1.9,32921,61167,77348,0.790802606,5.4,0.087385483,0.284854246
293,35,Male,Black,2015,Union,NJ,Northeast,Knife,23.7,54.6,7,39122,62029,68507,0.90544032,10.9,0.1,0.392834891
294,24,Male,Hispanic/Latino,2015,Hackensack,NJ,Northeast,Knife,43,18.6,23.5,35008,51051,83794,0.609244099,11.1,0.032626816,0.34819491
295,64,Female,Asian/Pacific Islander,2015,Hackensack,NJ,Northeast,No,44.1,18.9,32.7,27432,50625,83794,0.604160202,19.4,0.100585418,0.168669131
296,41,Male,Black,2015,Ridgefield Park,NJ,Northeast,No,35.3,19.7,29.2,37476,93091,83794,1.110950665,9.3,0.066434996,0.487170943
297,36,Male,Black,2015,Lyndhurst,NJ,Northeast,Firearm,75.3,1.1,17.3,36305,67109,83794,0.800880731,4.5,0.096800997,0.294627383
298,34,Female,Black,2015,Ridgefield Park,NJ,Northeast,Firearm,35.3,19.7,29.2,37476,93091,83794,1.110950665,9.3,0.066434996,0.487170943
299,32,Male,Black,2015,Vineland,NJ,Northeast,Firearm,5.1,21.3,77.8,17401,40075,50750,0.789655172,34.3,0.11842919,0.075572519
300,39,Male,-1,2015,Middletown,NJ,Northeast,Non-lethal firearm,86.7,0.8,9.2,34053,77813,84526,0.92058065,5.3,0.097529259,0.211101996
301,36,Male,White,2015,Hamilton Township,NJ,Northeast,Firearm,65.8,11.3,21.1,29056,51355,73480,0.698897659,15.2,0.135890272,0.185093874
302,75,Male,White,2015,Old Bridge Township,NJ,Northeast,Knife,42.2,20.6,24.9,29741,75050,79596,0.942886577,14.3,0.075431034,0.22251773
303,59,Male,-1,2015,Berlin,NJ,Northeast,Non-lethal firearm,64.3,16.9,4.9,31470,65759,61683,1.066079795,7.3,0.14086629,0.236107027
304,44,Male,White,2015,Albuquerque,NM,Mid-west,Firearm,15.8,0.3,81.5,21170,39651,48801,0.812503842,25.8,0.076500588,0.162601626
305,34,Male,White,2015,Edgewood,NM,West,Vehicle,67.9,0,27.1,27273,49308,52917,0.931798855,12.5,0.078817734,0.27692788
306,41,Male,White,2015,Rudioso,NM,West,No,58.6,0,40.4,18975,38893,43014,0.904193983,17.6,0.061612903,0.199338135
307,34,Male,White,2015,Albuquerque,NM,West,Firearm,63.9,3.7,26.6,34326,54855,48801,1.124054835,7.3,0.050728277,0.507961165
308,27,Male,White,2015,Ruidoso,NM,West,Firearm,72.1,0.9,19.5,26934,48198,43014,1.120518901,8.4,0.066055046,0.306578153
309,43,Male,White,2015,Las Vegas,NV,West,Firearm,39.3,27.1,22.1,23444,35924,52873,0.679439411,19.9,0.163898117,0.217720392
310,54,Male,White,2015,Boulder City,NV,West,No,90,0,6.7,23940,45979,52873,0.869612089,13.6,0.116955446,0.120423467
311,29,Male,Hispanic/Latino,2015,Las Vegas,NV,West,No,8.5,6.3,84.5,19746,41875,52873,0.791992132,22.9,0.140275387,0.039349224
312,51,Male,Black,2015,New York,NY,Northeast,No,1.5,83.1,15.6,21344,34545,46085,0.749593143,20.1,0.106880138,0.109860116
313,58,Male,White,2015,Constantania,NY,Northeast,No,95.7,0,2,23883,49360,48051,1.027241889,12.9,0.158176944,0.147076372
314,40,Male,Hispanic/Latino,2015,New York,NY,Northeast,Firearm,0.9,19.5,71.9,15656,26509,34388,0.770879377,36.7,0.176021554,0.102324177
315,21,Male,Black,2015,Bay Shore,NY,Northeast,Firearm,28.9,22.8,39.6,30784,72218,87763,0.822875244,4.4,0.109368376,0.240339473
316,39,Male,Black,2015,Albany,NY,Northeast,Firearm,9.3,81.6,13.5,14520,20665,59394,0.347930767,44.5,0.125672372,0.138646288
317,24,Male,Black,2015,New York,NY,Northeast,Knife,63.1,0.5,6.5,37028,63159,46085,1.370489313,11,0.082673703,0.448705012
318,44,Male,White,2015,Clarendon,NY,Northeast,Firearm,96.5,0.7,1.6,30489,57747,48502,1.190610696,9.5,0.09765625,0.16256457
319,30,Male,White,2015,New York,NY,Northeast,No,1.5,16.6,36.3,16670,25894,57001,0.454272732,42,0.086378738,0.234789009
320,52,Male,Black,2015,Fallsburg,NY,Northeast,Firearm,45.7,21.4,28.2,19136,58859,48089,1.223959741,9.1,0.059414226,0.172615185
321,87,Male,White,2015,Catskill,NY,Northeast,Firearm,91,0.6,0.8,27077,52165,49655,1.050548787,6.5,0.133264463,0.160841534
322,35,Male,White,2015,Beacon,NY,Northeast,Firearm,65.6,11.1,19.8,23011,49318,72525,0.680013788,12.6,0.151676206,0.292464115
323,50,Male,Black,2015,Rochester,NY,Northeast,Firearm,0.6,95.6,3.9,11558,18833,52394,0.359449555,49.9,0.259259259,0.09653092
324,-1,Male,White,2015,Rochester,NY,Northeast,Firearm,87.2,1.8,10.4,22969,50280,43439,1.157485209,17.9,0.058573298,0.100249066
325,57,Male,White,2015,New City,NY,Northeast,Firearm,78.5,6.5,4.8,52896,142500,84951,1.677437582,1.9,0.045,0.669916938
326,29,Male,White,2015,Munroe Falls,OH,Mid-west,No,92.5,1.4,1.7,33954,68785,49669,1.384867825,1.9,0.063549832,0.403954214
327,18,Male,Black,2015,Cleveland,OH,Mid-west,Firearm,0,98.9,0.1,14560,19643,43804,0.448429367,32.8,0.204280156,0.083226633
328,58,Male,White,2015,Mansfield,OH,Mid-west,Firearm,94.3,3.9,1.1,24348,37992,41835,0.908139118,8.7,0.037341299,0.141363636
329,42,Male,White,2015,Columbus,OH,Mid-west,-1,62.8,32.1,1.9,22750,42642,50877,0.838139041,13.4,0.063731932,0.243725869
330,33,Male,Black,2015,Columbus,OH,Mid-west,No,71,21,3.6,16616,33370,50877,0.655895591,26,0.145665323,0.06088993
331,52,Male,White,2015,Green,OH,Mid-west,Firearm,89.3,4.9,0.5,32466,63477,49669,1.278000362,15.3,0.085316847,0.347386588
332,26,Male,White,2015,Peebles,OH,Mid-west,Vehicle,95.5,0,0,18133,46007,42165,1.091118226,18.2,0.177073171,0.086883596
333,29,Male,Black,2015,Mansfield,OH,Mid-west,Firearm,49.4,40,4.7,11576,19732,41835,0.471662484,40.3,0.177252585,0.066876475
334,64,Male,Black,2015,Cleveland,OH,Mid-west,No,49.8,43.7,3.5,15871,21378,43804,0.488037622,39.8,0.448074679,0.0675
335,26,Male,White,2015,Chickasha,OK,Mid-west,Firearm,77.7,0.9,9.7,17695,32034,49637,0.645365352,20.3,0.011335013,0.1694018
336,40,Male,Hispanic/Latino,2015,Oklahoma City,OK,Mid-west,Vehicle,33.9,2.6,56.6,17225,32860,45215,0.726749972,25.1,0.142746615,0.035338785
337,29,Male,White,2015,Bunch,OK,Mid-west,Firearm,39.3,0.1,1.7,20901,35022,32556,1.075746406,19.1,0.042686101,0.139616613
338,47,Male,Black,2015,Oklahoma City,OK,Mid-west,Firearm,43.6,4.9,36,22857,32886,45215,0.727325003,33.4,0.203271028,0.081980519
339,33,Male,White,2015,Muskogee County,OK,Mid-west,Firearm,44.7,25,1.9,18370,28836,38502,0.748948107,34.7,0.11886697,0.202991453
340,44,Male,Black,2015,Tulsa,OK,Mid-west,Firearm,52.2,23.8,10.1,16953,34432,48181,0.71463855,26.7,0.080686695,0.408774373
341,32,Male,White,2015,Shawnee,OK,Mid-west,Knife,84.1,0.3,3.8,31930,60759,42764,1.420797867,18,0.053372149,0.170479474
342,24,Male,White,2015,Edmond,OK,Mid-west,Knife,86.9,0.7,2.9,41377,104388,45215,2.308702864,1.3,0.049786629,0.596791444
343,63,Male,White,2015,Miami,OK,Mid-west,No,69.1,0.8,2.6,18397,34336,36473,0.941408713,20.4,0.086882453,0.117714286
344,37,Male,Black,2015,Oklahoma City,OK,Mid-west,No,57.8,7.4,20.3,20405,29338,45215,0.648855468,31.3,0.04467354,0.294754572
345,26,Male,Black,2015,Oklahoma City,OK,Mid-west,Knife,33.1,3,52.5,14932,25357,45215,0.560809466,37.4,0.12745682,0.068254695
346,43,Male,White,2015,Tulsa,OK,Mid-west,Vehicle,63.2,21.4,4.7,20213,31169,48181,0.646914759,21.1,0.119248218,0.319685039
347,51,Male,White,2015,Rufe,OK,Mid-west,Firearm,76.4,1.7,3.5,19316,32661,30201,1.081454256,21.5,0.159594096,0.145865434
348,18,Male,White,2015,Guthrie,OK,Mid-west,Non-lethal firearm,68,17.4,6.4,16463,41901,53591,0.781866358,33.3,0.105769231,0.105675147
349,54,Male,White,2015,Kellyville,OK,Mid-west,No,80.7,0.7,1.4,24858,45615,43026,1.060172919,8.9,0.098895582,0.085796683
350,35,Male,White,2015,Mounds,OK,Mid-west,No,73.5,5.6,4.5,25231,44573,39156,1.13834406,14.1,0.08040201,0.125871172
351,42,Male,White,2015,Stillwater,OK,Mid-west,Firearm,76.8,8.5,7.3,14964,32054,36812,0.870748669,34,0.066425993,0.284542314
352,83,Male,White,2015,Newalla,OK,Mid-west,No,82.8,1,5.2,25034,56875,54989,1.034297769,8,0.066806576,0.150948367
353,23,Male,Black,2015,Tulsa,OK,Mid-west,Firearm,52.2,23.8,10.1,16953,34432,48181,0.71463855,26.7,0.080686695,0.408774373
354,21,Male,Black,2015,Muskogee,OK,Mid-west,Firearm,36.9,43.4,1.5,15252,17025,38502,0.442184822,51.8,0.094752187,0.106906339
355,41,Male,Black,2015,Tulsa,OK,Mid-west,Firearm,68.7,5.5,5.6,26566,47350,44195,1.071388166,7.5,0.068774265,0.166792169
356,34,Male,White,2015,Wapanucka,OK,Mid-west,Firearm,72.5,0,1.1,25110,40000,34867,1.147216566,20.7,0.05624297,0.163706564
357,49,Male,White,2015,Medford,OR,West,Firearm,78.1,2.2,15.1,21610,43625,44005,0.991364618,24.8,0.131158917,0.125731679
358,49,Male,White,2015,Eugene,OR,West,Firearm,79.7,1.4,14.5,20407,47795,42931,1.113298083,21.6,0.150479846,0.151658768
359,34,Male,White,2015,Colton,OR,West,Non-lethal firearm,93.2,0.3,2.2,25130,58358,64352,0.906856042,5,0.110323438,0.165820137
360,36,Male,White,2015,Portland,OR,West,Other,61.8,6.4,15.4,21049,35978,52511,0.685151683,31,0.138262782,0.130825139
361,40,Male,-1,2015,Medford,OR,West,Non-lethal firearm,89.6,0,4.1,22947,40781,44005,0.926735598,20.2,0.187595323,0.378757515
362,47,Male,White,2015,Aloha,OR,West,No,69.3,0,19.8,29959,56020,64180,0.872857588,8.8,0.135547919,0.174886536
363,49,Male,White,2015,Salemburg,OR,West,Firearm,62,0.4,31.7,17474,31863,46885,0.679599019,33.8,0.238070806,0.112681913
364,55,Male,White,2015,Grants Pass,OR,West,Knife,85.8,0.5,6,23281,48077,37733,1.274136697,16,0.138248848,0.247411444
365,29,Male,Black,2015,Lancaster,PA,Northeast,Knife,42,12.3,37.1,21868,42027,56483,0.744064586,9.3,0.206855081,0.172319475
366,59,Male,White,2015,Hanover,PA,Northeast,Firearm,92.2,2.9,5.9,30491,65581,58745,1.11636735,7.4,0.034010601,0.267043669
367,42,Male,White,2015,Allentown,PA,Northeast,Knife,60.3,8.8,25.7,26001,46027,54923,0.838027784,11.3,0.072277228,0.19303675
368,31,Male,White,2015,Gettysburg,PA,Northeast,Firearm,87.3,1.2,9.2,27355,60940,59492,1.024339407,13.9,0.030340815,0.224592221
369,47,Male,Black,2015,Pittsburgh,PA,Northeast,Firearm,34.5,59.4,1.4,18978,32625,51366,0.635147763,30.5,0.102179837,0.083578792
370,40,Male,White,2015,Somerset,PA,Northeast,Knife,77.2,17.8,3.7,20297,42346,43597,0.971305365,11.2,0.110402355,0.1640178
371,35,Male,White,2015,Reading,PA,Northeast,Firearm,37.4,10.7,47.7,20761,29707,55170,0.538462933,36.6,0.139742873,0.068331143
372,24,Male,White,2015,Peltzer,SC,South,Firearm,71.5,20.2,3.9,22409,42159,49022,0.860001632,14.4,0.095290859,0.198029891
373,60,Male,White,2015,Lancaster,SC,South,No,65.4,32.1,1.5,22385,41675,42217,0.98716157,18.4,0.148903424,0.162518302
374,41,Male,Black,2015,Spartanburg,SC,South,Firearm,70.6,24.1,1.5,19755,35453,42919,0.826044409,26,0.131529264,0.171848739
375,43,Male,White,2015,Charleston,SC,South,Knife,85.5,11,0.7,38810,80891,50792,1.592593322,4,0.092042385,0.495871946
376,27,Male,Black,2015,Johnsonville,SC,South,Firearm,59.9,34,2,17493,32639,41910,0.778787879,24.1,0.151768733,0.109768379
377,32,Male,Black,2015,Charleston,SC,South,No,85.7,9.4,2.7,37967,63750,50792,1.255118916,16.6,0.044805195,0.779063361
378,59,Male,White,2015,Columbia,SC,South,No,71,17.6,2.7,41145,82104,54061,1.518728843,14.5,0.100581395,0.470207254
379,28,Male,White,2015,Boiling Springs,SC,South,Other,69.7,16.6,3.3,23844,54784,42919,1.276450989,9.7,0.077569308,0.231973313
380,50,Male,Black,2015,North Charleston,SC,South,Knife,15.8,65.2,18.6,14963,19988,50792,0.39352654,44.1,0.215909091,0.09294998
381,39,Male,Hispanic/Latino,2015,Nashville,TN,South,Firearm,37.5,27,24.7,20027,25500,47335,0.538713426,36.3,0.088225858,0.226814777
382,48,Male,Black,2015,Memphis,TN,South,Vehicle,0.6,98.6,0,22968,37109,46250,0.802356757,18.9,0.218520333,0.140077821
383,31,Male,White,2015,Memphis,TN,South,Other,36.5,57.6,0.3,22255,40721,46250,0.880454054,15.4,0.139391056,0.324362111
384,53,Male,White,2015,Nashville,TN,South,Firearm,97.1,0.5,0.9,48922,135625,47335,2.865216014,1.1,0.021902017,0.755110384
385,36,Male,Black,2015,Memphis,TN,South,Firearm,39.8,7,50.1,19029,32162,46250,0.695394595,34.3,0.112596554,0.040115301
386,27,Male,White,2015,Huntingdon,TN,South,Other,88.5,9.9,0.7,19400,32522,35049,0.927900939,18.1,0.140121439,0.088607595
387,44,Male,White,2015,Sunset,TX,South,Firearm,14.6,17.7,66.3,16778,30391,38310,0.793291569,37.7,0.140832976,0.047601339
388,-1,Male,Hispanic/Latino,2015,Houston,TX,South,No,7.5,32.1,53.3,27414,53572,53137,1.008186386,18.1,0.073771857,0.095803642
389,33,Male,Hispanic/Latino,2015,El Paso,TX,South,Firearm,6,3.4,89.9,13231,17388,40157,0.433000473,58.1,0.14461316,0.047239915
390,21,Male,Hispanic/Latino,2015,Baytown,TX,South,Other,3.3,11.7,84.7,18995,30804,53137,0.579709054,36.2,0.109816972,0.022668394
391,25,Male,White,2015,Victoria,TX,South,Firearm,74.9,0.8,22.8,27813,59961,50364,1.190552776,10.2,0.047407913,0.171770432
392,24,Male,Hispanic/Latino,2015,Houston,TX,South,No,6.5,31.8,58.6,16689,24072,53137,0.453017671,40.9,0.062886598,0.078923358
393,26,Male,White,2015,Rosenberg,TX,South,Firearm,32.9,15,48.3,22235,53831,85297,0.631100742,19.4,0.068076536,0.113879004
394,25,Male,Hispanic/Latino,2015,Fort Worth,TX,South,Firearm,8.5,0.4,89.6,19146,32245,56853,0.567164442,21.5,0.144497608,0.013547237
395,22,Male,Hispanic/Latino,2015,El Paso,TX,South,Firearm,20.4,9.8,70.7,18438,31963,40157,0.795950893,26.2,0.131071191,0.132780083
396,45,Male,Black,2015,Dallas,TX,South,Firearm,0.4,84.8,14,14256,23931,49481,0.483640185,40.1,0.172051696,0.029108327
397,60,Male,White,2015,San Antonio,TX,South,Knife,25.2,17.5,53.5,21342,35099,50112,0.700411079,15.4,0.09619801,0.117877423
398,30,Male,Black,2015,Garland,TX,South,No,34.7,16.3,14.6,31009,49973,49481,1.009943211,9.2,0.092148913,0.315638907
399,22,Male,Hispanic/Latino,2015,El Paso,TX,South,Knife,7.9,2.1,83.7,27255,58026,40157,1.44497846,17.8,0.05323741,0.243867655
400,20,Male,White,2015,Onalaska,TX,South,No,84.7,4.4,7.5,26675,39113,37855,1.03323207,16.3,0.133622126,0.103164283
401,41,Male,Black,2015,Houston,TX,South,No,21.2,19,57.8,30261,81172,53137,1.527598472,14.6,0.081424936,0.168716372
402,35,Male,Asian/Pacific Islander,2015,Houston,TX,South,No,4.6,35.9,35.9,21306,41786,53137,0.78638237,28.3,0.104712042,0.22823219
403,47,Male,White,2015,Palestine,TX,South,No,42,27.1,29.9,18238,31815,40653,0.78259907,34.8,0.097790055,0.162665563
404,51,Male,Black,2015,Waco,TX,South,No,40.2,12.6,44.2,21988,33320,41922,0.794809408,36.1,0.140606992,0.058467131
405,42,Male,Black,2015,Arlington,TX,South,No,41.5,9.1,37.7,14765,25625,56853,0.450723796,36.4,0.106456044,0.390316206
406,56,Male,Hispanic/Latino,2015,Levelland,TX,South,No,24.3,4.9,67.2,15511,31952,50565,0.631899535,29.3,0.087265136,0.050646175
407,24,Male,Hispanic/Latino,2015,Tahoka,TX,South,Knife,46.9,1,51.7,22734,36912,44375,0.831819718,26,0.043478261,0.117073171
408,30,Male,Black,2015,Fort Worth,TX,South,No,61.9,20.5,18.4,29893,63646,56853,1.11948358,6,0.039571006,0.368676546
409,17,Female,White,2015,Longview,TX,South,Firearm,44.8,34.1,19.7,14332,26458,45525,0.581175178,27.4,0.13706706,0.174307036
410,41,Male,White,2015,Nocona,TX,South,Other,90.5,0.6,7.6,23750,45500,44231,1.028690285,10.3,0.075596817,0.140482128
411,36,Male,Hispanic/Latino,2015,Roma,TX,South,Firearm,3.2,0,96.8,14457,26346,24927,1.056926225,33.1,0.063807531,0.106725146
412,34,Male,Asian/Pacific Islander,2015,Garland,TX,South,Vehicle,34.7,16.3,14.6,31009,49973,49481,1.009943211,9.2,0.092148913,0.315638907
413,33,Male,Black,2015,San Antonio,TX,South,Vehicle,46.4,5.3,43.2,40693,71272,50112,1.422254151,5.2,0.047184774,0.355059417
414,50,Male,Hispanic/Latino,2015,Del Rio,TX,South,No,23.5,1.3,72.3,17402,42026,40450,1.038961681,24.5,0.053399923,0.136064165
415,26,Male,Hispanic/Latino,2015,Houston,TX,South,Firearm,29.8,25.3,34.5,40387,53244,53137,1.002013663,6.3,0.094994312,0.351817622
416,31,Male,Black,2015,Fort Worth,TX,South,Firearm,19.6,3.5,74.1,18174,33750,56853,0.59363622,26.7,0.08373079,0.068349515
417,29,Male,Hispanic/Latino,2015,San Antonio,TX,South,Firearm,24.2,5.6,70.2,26047,45208,50112,0.902139208,21.7,0.074115665,0.240572172
418,43,Male,White,2015,Jourdanton,TX,West,Firearm,47.6,0.3,50.6,26101,48735,47543,1.02507204,10,0.064629434,0.163523637
419,68,Male,White,2015,Lake Jackson,TX,South,No,62.3,6.1,30,27875,54329,67603,0.803647767,8.6,0.051835853,0.170081392
420,61,Male,White,2015,Austin,TX,South,No,53.3,6.4,34.6,31969,59435,58025,1.024299871,11.5,0.081466763,0.428831012
421,32,Male,Black,2015,Freeport,TX,South,Knife,47.3,8.8,43.7,24236,48635,67603,0.719420736,18.4,0.12814412,0.077154583
422,51,Male,White,2015,Laredo,TX,South,Knife,2.3,0.8,97.1,20900,42782,39449,1.084488834,17.4,0.057938719,0.206791467
423,31,Male,Hispanic/Latino,2015,Euless,TX,South,Vehicle,68.9,10.7,10.7,43062,79821,56853,1.403989235,2.9,0.06846473,0.411525586
424,24,Male,Hispanic/Latino,2015,Mission,TX,South,Firearm,4.8,0.4,94.8,15812,32071,34146,0.939231535,30.2,0.118733509,0.06231454
425,27,Male,White,2015,Austin,TX,South,No,67,1.5,19.7,44430,84743,58025,1.4604567,7.3,0.069404151,0.636127355
426,25,Male,Black,2015,Sierra Blanca,TX,South,Other,19.9,0.6,79,14989,22545,22545,1,44.1,0.081601232,0.110399211
427,34,Male,White,2015,Sulphur Springs,TX,South,Knife,56.9,28.6,8.5,19921,42282,43657,0.968504478,24.3,0.197698745,0.182055101
428,-1,Male,-1,2015,Mabank,TX,South,Other,87.2,1.8,10.4,22969,50280,43439,1.157485209,17.9,0.058573298,0.100249066
429,-1,Female,-1,2015,Austin,TX,South,Knife,87.2,1.8,10.4,22969,50280,43439,1.157485209,17.9,0.058573298,0.100249066
430,31,Male,Hispanic/Latino,2015,Houston,TX,South,No,25,31.9,40.1,29695,41265,53137,0.776577526,12.5,0.023561091,0.229678912
431,40,Male,White,2015,Forth Worth,TX,South,-1,89.2,0.9,6,54494,102938,56853,1.810599265,11.2,0.027574564,0.71127026
432,35,Male,Hispanic/Latino,2015,Electra,TX,South,-1,94.8,0,2.5,31761,62817,45086,1.393270638,4,0.034519957,0.169803601
433,24,Male,White,2015,Provo,UT,West,Knife,62.7,0.3,28.3,14816,41866,60196,0.695494717,20.5,0.071107364,0.25940902
434,42,Male,White,2015,Salt Lake City,UT,West,Firearm,87.2,0.1,5,30391,44638,60555,0.737148047,18.3,0.03653323,0.638549618
435,34,Male,White,2015,Draper,UT,West,No,83.3,2.2,8.7,30625,68125,60555,1.125010321,7.7,0.018841912,0.328571429
436,36,Male,White,2015,Roosevelt,UT,West,No,79.9,0,10.8,31491,60957,57683,1.05675849,12.4,0.03559965,0.199397288
437,49,Male,White,2015,Syracuse,UT,West,Firearm,89.4,2.2,7.5,36216,81064,69707,1.162924814,4.4,0.046353872,0.341968068
438,54,Male,Hispanic/Latino,2015,Arlington,VA,South,Firearm,52.2,16.2,15.7,29881,38125,103208,0.369399659,20.5,0.011916111,0.424964937
439,38,Male,White,2015,Winchester,VA,South,Firearm,78.2,5.4,14.2,21845,47714,68424,0.697328423,11.6,0.103721571,0.195180723
440,30,Male,Black,2015,Culpeper,VA,South,Firearm,55,22.1,14.9,28490,46382,64423,0.719960263,14.8,0.0509487,0.176186645
441,53,Male,Black,2015,Emporia,VA,South,Other,39.3,59.4,0,19423,40214,39697,1.013023654,25.7,0.105973025,0.061827957
442,34,Male,Black,2015,Chesapeake,VA,South,Firearm,19.2,75.3,4.8,26119,50664,69743,0.726438496,10.8,0.09905795,0.188659579
443,37,Female,Black,2015,Fairfax,VA,South,No,58.6,17.8,7.9,5688,138750,110292,1.258024154,5.6,0.016203704,0.716906946
444,46,Male,White,2015,Pulaski,VA,South,No,82.5,10.5,0.4,20153,31898,44312,0.719850153,21.8,0.083866837,0.118260244
445,29,Male,Black,2015,Portsmouth,VA,South,Other,87.4,10,0,27535,51480,46166,1.115106355,6.6,0.028934368,0.225789048
446,18,Male,Black,2015,Portsmouth,VA,South,No,40.9,53.8,0,25262,27418,46166,0.593900273,35.2,0.152046784,0.12055336
447,35,Male,Hispanic/Latino,2015,Pasco,WA,West,Firearm,16.5,0.9,78.7,16558,28537,55177,0.517190134,35.9,0.131743119,0.057256583
448,37,Male,Hispanic/Latino,2015,Lakewood,WA,West,Firearm,51.6,11,18.4,21626,38688,59204,0.65346936,18,0.131736527,0.142030276
449,20,Male,White,2015,Sumas,WA,West,Firearm,79.4,0.3,17.1,22021,55432,51939,1.067251969,17.4,0.12704918,0.15408805
450,37,Male,Black,2015,Spokane,WA,West,No,75.4,8.6,4.9,17901,32143,49233,0.652875104,24.4,0.099949006,0.110704111
451,62,Male,White,2015,Snohomish,WA,West,Knife,58.2,9.8,24.8,11405,41000,68381,0.599581755,19.1,0.11381323,0.143147897
452,32,Male,White,2015,Vancouver,WA,West,Knife,79,4.1,9.4,15892,28281,58225,0.485719193,27.4,0.133171913,0.294513956
453,36,Male,White,2015,Kennewick,WA,West,Firearm,73.6,0,24.2,22348,42759,60485,0.706935604,20.5,0.0830373,0.128080808
454,54,Male,White,2015,Pasco,WA,West,Firearm,16.5,0.9,78.7,16558,28537,55177,0.517190134,35.9,0.131743119,0.057256583
455,47,Male,White,2015,Tacoma,WA,West,Knife,58,11.3,15.6,21658,36642,59204,0.618910884,24.5,0.12909699,0.131484335
456,53,Male,-1,2015,Shelton,WA,West,Non-lethal firearm,68.7,5.3,18.1,18999,39495,48755,0.810070762,18.4,0.064193168,0.091157703
457,28,Male,Native American,2015,Tonasket,WA,West,Firearm,74.5,0.4,20.2,18470,35608,40368,0.88208482,27.3,0.133650291,0.174524982
458,26,Male,White,2015,Kenosha,WI,Mid-west,No,73.8,7.7,16.8,25286,45365,54930,0.825869288,14.6,0.166293142,0.147312269
459,30,Male,White,2015,Green Bay,WI,Mid-west,Firearm,76.9,8.5,4,23633,33835,53119,0.636966057,13.6,0.08816521,0.213095586
460,37,Male,White,2015,Fond du Lac,WI,Mid-west,Firearm,71.5,2.6,18.7,20423,34339,53820,0.638034188,26.6,0.109457093,0.142972319
461,19,Male,Black,2015,Madison,WI,Mid-west,Firearm,90.7,1.3,5.5,35028,53089,61721,0.860144845,13.3,0.055254849,0.744900197
462,45,Male,Black,2015,Milwaukee,WI,Mid-west,Non-lethal firearm,77.5,3.1,15,35316,63444,43193,1.468849119,11,0.065342729,0.296017223
463,53,Male,White,2015,Follansbee,WV,South,No,94.9,3.7,0.3,23583,37026,42493,0.871343515,14.4,0.13483871,0.167398946
464,42,Male,White,2015,Fort Ashby,WV,South,Firearm,99.6,0.2,0,26643,40541,31163,1.3009338,13.3,0.093187661,0.160032167
465,39,Female,White,2015,Gillette,WY,South,Firearm,94.4,0.9,3.1,42519,76732,79488,0.9653281,8.7,0.04654387,0.212288574
